Sample,Vrt,Rt,F,8.8
0,0.792523,4.349072,113.149229,0x7126
1,0.796199,4.372789,112.899888,0x70E6
2,0.799875,4.396544,112.656937,0x70A8
3,0.803551,4.420338,112.413591,0x7069
4,0.807228,4.444170,112.169849,0x702B
5,0.810904,4.468042,111.925711,0x6FEC
6,0.814580,4.491952,111.681176,0x6FAE
7,0.818256,4.515901,111.436242,0x6F6F
8,0.821933,4.539889,111.191303,0x6F30
9,0.825609,4.563916,110.956253,0x6EF4
10,0.829285,4.587983,110.720819,0x6EB8
11,0.832961,4.612089,110.485001,0x6E7C
12,0.836638,4.636234,110.248796,0x6E3F
13,0.840314,4.660419,110.012204,0x6E03
14,0.843990,4.684644,109.775225,0x6DC6
15,0.847667,4.708908,109.537857,0x6D89
16,0.851343,4.733212,109.304262,0x6D4D
17,0.855019,4.757556,109.076036,0x6D13
18,0.858695,4.781940,108.847436,0x6CD8
19,0.862372,4.806364,108.618459,0x6C9E
20,0.866048,4.830829,108.389104,0x6C63
21,0.869724,4.855334,108.159372,0x6C28
22,0.873400,4.879879,107.929261,0x6BED
23,0.877077,4.904465,107.698770,0x6BB2
24,0.880753,4.929091,107.474437,0x6B79
25,0.884429,4.953758,107.254632,0x6B41
26,0.888105,4.978466,107.034462,0x6B08
27,0.891782,5.003215,106.813928,0x6AD0
28,0.895458,5.028005,106.593028,0x6A97
29,0.899134,5.052836,106.371761,0x6A5F
30,0.902810,5.077708,106.150127,0x6A26
31,0.906487,5.102622,105.928125,0x69ED
32,0.910163,5.127577,105.709344,0x69B5
33,0.913839,5.152573,105.495087,0x697E
34,0.917515,5.177611,105.280474,0x6947
35,0.921192,5.202691,105.065502,0x6910
36,0.924868,5.227813,104.850172,0x68D9
37,0.928544,5.252977,104.634482,0x68A2
38,0.932220,5.278183,104.418432,0x686B
39,0.935897,5.303431,104.202020,0x6833
40,0.939573,5.328721,103.985980,0x67FC
41,0.943249,5.354054,103.779650,0x67C7
42,0.946925,5.379429,103.572974,0x6792
43,0.950602,5.404847,103.365950,0x675D
44,0.954278,5.430308,103.158579,0x6728
45,0.957954,5.455811,102.950860,0x66F3
46,0.961630,5.481357,102.742790,0x66BE
47,0.965307,5.506947,102.534371,0x6688
48,0.968983,5.532579,102.325599,0x6653
49,0.972659,5.558255,102.119744,0x661E
50,0.976335,5.583974,101.918464,0x65EB
51,0.980012,5.609737,101.716844,0x65B7
52,0.983688,5.635543,101.514883,0x6583
53,0.987364,5.661392,101.312580,0x6550
54,0.991040,5.687286,101.109935,0x651C
55,0.994717,5.713224,100.906945,0x64E8
56,0.998393,5.739205,100.703611,0x64B4
57,1.002069,5.765231,100.499932,0x647F
58,1.005745,5.791301,100.301068,0x644D
59,1.009422,5.817415,100.106829,0x641B
60,1.013098,5.843574,99.912259,0x63E9
61,1.016774,5.869777,99.717358,0x63B7
62,1.020450,5.896026,99.522124,0x6385
63,1.024127,5.922318,99.326557,0x6353
64,1.027803,5.948656,99.130656,0x6321
65,1.031479,5.975039,98.934419,0x62EF
66,1.035155,6.001467,98.737847,0x62BC
67,1.038832,6.027941,98.543506,0x628B
68,1.042508,6.054459,98.354835,0x625A
69,1.046184,6.081024,98.165840,0x622A
70,1.049860,6.107634,97.976520,0x61F9
71,1.053537,6.134289,97.786876,0x61C9
72,1.057213,6.160991,97.596904,0x6198
73,1.060889,6.187738,97.406606,0x6168
74,1.064565,6.214532,97.215979,0x6137
75,1.068242,6.241372,97.025024,0x6106
76,1.071918,6.268258,96.833739,0x60D5
77,1.075594,6.295190,96.649272,0x60A6
78,1.079270,6.322170,96.466017,0x6077
79,1.082947,6.349196,96.282445,0x6048
80,1.086623,6.376268,96.098554,0x6019
81,1.090299,6.403388,95.914345,0x5FEA
82,1.093975,6.430555,95.729816,0x5FBA
83,1.097652,6.457769,95.544966,0x5F8B
84,1.101328,6.485030,95.359795,0x5F5C
85,1.105004,6.512339,95.174302,0x5F2C
86,1.108680,6.539695,94.988984,0x5EFD
87,1.112357,6.567099,94.810908,0x5ECF
88,1.116033,6.594551,94.632521,0x5EA1
89,1.119709,6.622051,94.453822,0x5E74
90,1.123385,6.649599,94.274811,0x5E46
91,1.127062,6.677195,94.095487,0x5E18
92,1.130738,6.704839,93.915848,0x5DEA
93,1.134414,6.732532,93.735895,0x5DBC
94,1.138090,6.760273,93.555627,0x5D8E
95,1.141767,6.788063,93.375042,0x5D60
96,1.145443,6.815902,93.191923,0x5D31
97,1.149119,6.843790,92.942182,0x5CF1
98,1.152795,6.871727,92.692000,0x5CB1
99,1.156472,6.899713,92.441378,0x5C70
100,1.160148,6.927748,92.190314,0x5C30
101,1.163824,6.955833,91.938807,0x5BF0
102,1.167500,6.983968,91.686856,0x5BAF
103,1.171177,7.012152,91.434459,0x5B6F
104,1.174853,7.040386,91.288591,0x5B49
105,1.178529,7.068670,91.159374,0x5B28
106,1.182206,7.097005,91.029928,0x5B07
107,1.185882,7.125389,90.900252,0x5AE6
108,1.189558,7.153824,90.770346,0x5AC5
109,1.193234,7.182310,90.640209,0x5AA3
110,1.196911,7.210846,90.509841,0x5A82
111,1.200587,7.239433,90.379240,0x5A61
112,1.204263,7.268071,90.248407,0x5A3F
113,1.207939,7.296760,90.117340,0x5A1E
114,1.211616,7.325500,89.986039,0x59FC
115,1.215292,7.354292,89.854504,0x59DA
116,1.218968,7.383135,89.722733,0x59B9
117,1.222644,7.412030,89.588583,0x5996
118,1.226321,7.440976,89.425759,0x596C
119,1.229997,7.469975,89.262643,0x5943
120,1.233673,7.499025,89.099234,0x5919
121,1.237349,7.528128,88.935531,0x58EF
122,1.241026,7.557283,88.771534,0x58C5
123,1.244702,7.586490,88.607242,0x589B
124,1.248378,7.615750,88.442655,0x5871
125,1.252054,7.645063,88.277770,0x5847
126,1.255731,7.674429,88.112588,0x581C
127,1.259407,7.703848,87.947107,0x57F2
128,1.263083,7.733320,87.782110,0x57C8
129,1.266759,7.762845,87.622992,0x579F
130,1.270436,7.792424,87.463585,0x5776
131,1.274112,7.822056,87.303890,0x574D
132,1.277788,7.851742,87.143905,0x5724
133,1.281464,7.881482,86.983629,0x56FB
134,1.285141,7.911276,86.823062,0x56D2
135,1.288817,7.941125,86.662203,0x56A9
136,1.292493,7.971027,86.501050,0x5680
137,1.296169,8.000985,86.339604,0x5656
138,1.299846,8.030996,86.177864,0x562D
139,1.303522,8.061063,86.015828,0x5604
140,1.307198,8.091185,85.860988,0x55DC
141,1.310874,8.121361,85.706675,0x55B4
142,1.314551,8.151593,85.552080,0x558D
143,1.318227,8.181881,85.397202,0x5565
144,1.321903,8.212223,85.242039,0x553D
145,1.325579,8.242622,85.086591,0x5516
146,1.329256,8.273077,84.930858,0x54EE
147,1.332932,8.303587,84.774838,0x54C6
148,1.336608,8.334154,84.618532,0x549E
149,1.340284,8.364777,84.461937,0x5476
150,1.343961,8.395456,84.305053,0x544E
151,1.347637,8.426193,84.150145,0x5426
152,1.351313,8.456985,83.999528,0x53FF
153,1.354989,8.487835,83.848631,0x53D9
154,1.358666,8.518742,83.697456,0x53B2
155,1.362342,8.549707,83.546000,0x538B
156,1.366018,8.580728,83.394263,0x5364
157,1.369694,8.611808,83.242245,0x533E
158,1.373371,8.642945,83.089944,0x5317
159,1.377047,8.674140,82.937360,0x52EF
160,1.380723,8.705393,82.784491,0x52C8
161,1.384399,8.736704,82.631338,0x52A1
162,1.388076,8.768074,82.477899,0x527A
163,1.391752,8.799502,82.327710,0x5253
164,1.395428,8.830989,82.180879,0x522E
165,1.399104,8.862535,82.033774,0x5208
166,1.402781,8.894140,81.886394,0x51E2
167,1.406457,8.925804,81.738737,0x51BD
168,1.410133,8.957528,81.590803,0x5197
169,1.413809,8.989311,81.442591,0x5171
170,1.417486,9.021154,81.294101,0x514B
171,1.421162,9.053057,81.145332,0x5125
172,1.424838,9.085019,80.996282,0x50FF
173,1.428514,9.117042,80.846952,0x50D8
174,1.432191,9.149126,80.697340,0x50B2
175,1.435867,9.181270,80.549911,0x508C
176,1.439543,9.213475,80.406779,0x5068
177,1.443219,9.245741,80.263375,0x5043
178,1.446896,9.278067,80.119701,0x501E
179,1.450572,9.310455,79.975754,0x4FF9
180,1.454248,9.342905,79.831534,0x4FD4
181,1.457924,9.375416,79.687040,0x4FAF
182,1.461601,9.407989,79.542271,0x4F8A
183,1.465277,9.440624,79.397227,0x4F65
184,1.468953,9.473321,79.251907,0x4F40
185,1.472629,9.506080,79.106310,0x4F1B
186,1.476306,9.538902,78.960435,0x4EF5
187,1.479982,9.571787,78.814281,0x4ED0
188,1.483658,9.604734,78.674067,0x4EAC
189,1.487334,9.637745,78.534258,0x4E88
190,1.491011,9.670818,78.394182,0x4E64
191,1.494687,9.703955,78.253836,0x4E40
192,1.498363,9.737156,78.113222,0x4E1C
193,1.502039,9.770420,77.972337,0x4DF8
194,1.505716,9.803749,77.831181,0x4DD4
195,1.509392,9.837141,77.689754,0x4DB0
196,1.513068,9.870598,77.548055,0x4D8C
197,1.516745,9.904120,77.406082,0x4D67
198,1.520421,9.937706,77.263835,0x4D43
199,1.524097,9.971357,77.121313,0x4D1F
200,1.527773,10.005073,76.979710,0x4CFA
201,1.531450,10.038854,76.844585,0x4CD8
202,1.535126,10.072701,76.709198,0x4CB5
203,1.538802,10.106613,76.573548,0x4C92
204,1.542478,10.140591,76.437636,0x4C70
205,1.546155,10.174635,76.301459,0x4C4D
206,1.549831,10.208746,76.165017,0x4C2A
207,1.553507,10.242923,76.028309,0x4C07
208,1.557183,10.277166,75.891336,0x4BE4
209,1.560860,10.311476,75.754095,0x4BC1
210,1.564536,10.345854,75.616586,0x4B9D
211,1.568212,10.380298,75.478808,0x4B7A
212,1.571888,10.414810,75.340761,0x4B57
213,1.575565,10.449389,75.202443,0x4B33
214,1.579241,10.484036,75.066814,0x4B11
215,1.582917,10.518752,74.930972,0x4AEE
216,1.586593,10.553535,74.794863,0x4ACB
217,1.590270,10.588387,74.658487,0x4AA8
218,1.593946,10.623307,74.521842,0x4A85
219,1.597622,10.658296,74.384928,0x4A62
220,1.601298,10.693354,74.247744,0x4A3F
221,1.604975,10.728482,74.110289,0x4A1C
222,1.608651,10.763678,73.972563,0x49F8
223,1.612327,10.798945,73.834564,0x49D5
224,1.616003,10.834281,73.696292,0x49B2
225,1.619680,10.869687,73.557746,0x498E
226,1.623356,10.905163,73.418926,0x496B
227,1.627032,10.940710,73.289443,0x494A
228,1.630708,10.976328,73.161220,0x4929
229,1.634385,11.012016,73.032742,0x4908
230,1.638061,11.047776,72.904008,0x48E7
231,1.641737,11.083606,72.775017,0x48C6
232,1.645413,11.119509,72.645769,0x48A5
233,1.649090,11.155482,72.516263,0x4884
234,1.652766,11.191528,72.386498,0x4862
235,1.656442,11.227646,72.256473,0x4841
236,1.660118,11.263837,72.126188,0x4820
237,1.663795,11.300100,71.995641,0x47FE
238,1.667471,11.336435,71.864833,0x47DD
239,1.671147,11.372844,71.733761,0x47BB
240,1.674823,11.409326,71.602426,0x479A
241,1.678500,11.445882,71.473359,0x4779
242,1.682176,11.482511,71.344080,0x4758
243,1.685852,11.519214,71.214540,0x4736
244,1.689528,11.555991,71.084738,0x4715
245,1.693205,11.592842,70.954674,0x46F4
246,1.696881,11.629769,70.824346,0x46D3
247,1.700557,11.666769,70.693755,0x46B1
248,1.704233,11.703845,70.562899,0x4690
249,1.707910,11.740997,70.431777,0x466E
250,1.711586,11.778223,70.300388,0x464C
251,1.715262,11.815526,70.168733,0x462B
252,1.718938,11.852904,70.036809,0x4609
253,1.722615,11.890359,69.904617,0x45E7
254,1.726291,11.927890,69.774180,0x45C6
255,1.729967,11.965497,69.651100,0x45A6
256,1.733643,12.003182,69.527769,0x4587
257,1.737320,12.040943,69.404186,0x4567
258,1.740996,12.078782,69.280349,0x4547
259,1.744672,12.116699,69.156258,0x4528
260,1.748348,12.154693,69.031913,0x4508
261,1.752025,12.192766,68.907312,0x44E8
262,1.755701,12.230917,68.782455,0x44C8
263,1.759377,12.269146,68.657341,0x44A8
264,1.763053,12.307454,68.531969,0x4488
265,1.766730,12.345841,68.406338,0x4468
266,1.770406,12.384308,68.280447,0x4447
267,1.774082,12.422854,68.154297,0x4427
268,1.777758,12.461480,68.027885,0x4407
269,1.781435,12.500185,67.904677,0x43E7
270,1.785111,12.538972,67.782195,0x43C8
271,1.788787,12.577838,67.659458,0x43A8
272,1.792463,12.616786,67.536466,0x4389
273,1.796140,12.655814,67.413218,0x4369
274,1.799816,12.694924,67.289714,0x434A
275,1.803492,12.734115,67.165952,0x432A
276,1.807168,12.773388,67.041931,0x430A
277,1.810845,12.812744,66.917652,0x42EA
278,1.814521,12.852181,66.793113,0x42CB
279,1.818197,12.891701,66.668313,0x42AB
280,1.821873,12.931304,66.543251,0x428B
281,1.825550,12.970990,66.417927,0x426A
282,1.829226,13.010759,66.292340,0x424A
283,1.832902,13.050612,66.167624,0x422A
284,1.836579,13.090549,66.045783,0x420B
285,1.840255,13.130570,65.923685,0x41EC
286,1.843931,13.170675,65.801330,0x41CD
287,1.847607,13.210865,65.678717,0x41AD
288,1.851284,13.251140,65.555844,0x418E
289,1.854960,13.291500,65.432711,0x416E
290,1.858636,13.331946,65.309318,0x414F
291,1.862312,13.372477,65.185662,0x412F
292,1.865989,13.413095,65.061745,0x410F
293,1.869665,13.453799,64.937564,0x40F0
294,1.873341,13.494589,64.813119,0x40D0
295,1.877017,13.535466,64.688409,0x40B0
296,1.880694,13.576430,64.563433,0x4090
297,1.884370,13.617482,64.438190,0x4070
298,1.888046,13.658622,64.318224,0x4051
299,1.891722,13.699849,64.200432,0x4033
300,1.895399,13.741165,64.082387,0x4015
301,1.899075,13.782569,63.964089,0x3FF6
302,1.902751,13.824062,63.845538,0x3FD8
303,1.906427,13.865644,63.726732,0x3FBA
304,1.910104,13.907315,63.607670,0x3F9B
305,1.913780,13.949077,63.488352,0x3F7D
306,1.917456,13.990928,63.368778,0x3F5E
307,1.921132,14.032869,63.248945,0x3F3F
308,1.924809,14.074901,63.128853,0x3F20
309,1.928485,14.117024,63.008502,0x3F02
310,1.932161,14.159238,62.887891,0x3EE3
311,1.935837,14.201544,62.767018,0x3EC4
312,1.939514,14.243941,62.645883,0x3EA5
313,1.943190,14.286430,62.528994,0x3E87
314,1.946866,14.329012,62.414595,0x3E6A
315,1.950542,14.371686,62.299948,0x3E4C
316,1.954219,14.414453,62.185051,0x3E2F
317,1.957895,14.457314,62.069904,0x3E11
318,1.961571,14.500268,61.954505,0x3DF4
319,1.965247,14.543315,61.838854,0x3DD6
320,1.968924,14.586457,61.722950,0x3DB9
321,1.972600,14.629694,61.606793,0x3D9B
322,1.976276,14.673025,61.490380,0x3D7D
323,1.979952,14.716452,61.373712,0x3D5F
324,1.983629,14.759973,61.256788,0x3D41
325,1.987305,14.803591,61.139607,0x3D23
326,1.990981,14.847304,61.022167,0x3D05
327,1.994657,14.891114,60.904469,0x3CE7
328,1.998334,14.935021,60.786902,0x3CC9
329,2.002010,14.979025,60.672110,0x3CAC
330,2.005686,15.023126,60.557064,0x3C8E
331,2.009362,15.067324,60.441763,0x3C71
332,2.013039,15.111621,60.326207,0x3C53
333,2.016715,15.156016,60.210394,0x3C35
334,2.020391,15.200509,60.094324,0x3C18
335,2.024067,15.245102,59.977996,0x3BFA
336,2.027744,15.289793,59.861409,0x3BDC
337,2.031420,15.334585,59.744562,0x3BBE
338,2.035096,15.379476,59.627454,0x3BA0
339,2.038772,15.424467,59.510085,0x3B82
340,2.042449,15.469560,59.392453,0x3B64
341,2.046125,15.514753,59.274558,0x3B46
342,2.049801,15.560047,59.156398,0x3B28
343,2.053477,15.605443,59.037974,0x3B09
344,2.057154,15.650941,58.923706,0x3AEC
345,2.060830,15.696542,58.811267,0x3ACF
346,2.064506,15.742245,58.698574,0x3AB2
347,2.068182,15.788051,58.585627,0x3A95
348,2.071859,15.833961,58.472426,0x3A78
349,2.075535,15.879974,58.358969,0x3A5B
350,2.079211,15.926091,58.245255,0x3A3E
351,2.082887,15.972313,58.131284,0x3A21
352,2.086564,16.018639,58.017054,0x3A04
353,2.090240,16.065071,57.902565,0x39E7
354,2.093916,16.111608,57.787816,0x39C9
355,2.097592,16.158251,57.672806,0x39AC
356,2.101269,16.205000,57.557534,0x398E
357,2.104945,16.251856,57.441999,0x3971
358,2.108621,16.298818,57.326201,0x3953
359,2.112297,16.345888,57.210138,0x3935
360,2.115974,16.393066,57.099326,0x3919
361,2.119650,16.440352,56.988788,0x38FD
362,2.123326,16.487746,56.877996,0x38E0
363,2.127002,16.535249,56.766950,0x38C4
364,2.130679,16.582861,56.655649,0x38A7
365,2.134355,16.630583,56.544092,0x388B
366,2.138031,16.678414,56.432278,0x386E
367,2.141707,16.726356,56.320206,0x3851
368,2.145384,16.774409,56.207876,0x3835
369,2.149060,16.822572,56.095285,0x3818
370,2.152736,16.870848,55.982434,0x37FB
371,2.156412,16.919234,55.869322,0x37DE
372,2.160089,16.967734,55.755947,0x37C1
373,2.163765,17.016345,55.642309,0x37A4
374,2.167441,17.065070,55.528407,0x3787
375,2.171118,17.113908,55.414240,0x376A
376,2.174794,17.162861,55.304754,0x374E
377,2.178470,17.211927,55.195718,0x3732
378,2.182146,17.261108,55.086428,0x3716
379,2.185823,17.310403,54.976881,0x36FA
380,2.189499,17.359815,54.867078,0x36DD
381,2.193175,17.409342,54.757018,0x36C1
382,2.196851,17.458985,54.646700,0x36A5
383,2.200528,17.508745,54.536122,0x3689
384,2.204204,17.558622,54.425284,0x366C
385,2.207880,17.608616,54.314186,0x3650
386,2.211556,17.658729,54.202825,0x3633
387,2.215233,17.708959,54.091201,0x3617
388,2.218909,17.759309,53.979314,0x35FA
389,2.222585,17.809777,53.867162,0x35DD
390,2.226261,17.860365,53.754744,0x35C1
391,2.229938,17.911073,53.642060,0x35A4
392,2.233614,17.961901,53.538912,0x3589
393,2.237290,18.012851,53.441350,0x3570
394,2.240966,18.063921,53.343555,0x3557
395,2.244643,18.115113,53.245528,0x353E
396,2.248319,18.166428,53.147266,0x3525
397,2.251995,18.217865,53.048770,0x350C
398,2.255671,18.269425,52.950038,0x34F3
399,2.259348,18.321108,52.851070,0x34D9
400,2.263024,18.372915,52.751864,0x34C0
401,2.266700,18.424847,52.652421,0x34A7
402,2.270376,18.476903,52.552738,0x348D
403,2.274053,18.529085,52.452816,0x3473
404,2.277729,18.581392,52.352653,0x345A
405,2.281405,18.633826,52.252248,0x3440
406,2.285081,18.686386,52.151601,0x3426
407,2.288758,18.739073,52.050711,0x340C
408,2.292434,18.791888,51.949576,0x33F3
409,2.296110,18.844831,51.848196,0x33D9
410,2.299786,18.897902,51.737996,0x33BC
411,2.303463,18.951102,51.619773,0x339E
412,2.307139,19.004432,51.501263,0x3380
413,2.310815,19.057891,51.382465,0x3361
414,2.314491,19.111481,51.263376,0x3343
415,2.318168,19.165201,51.143997,0x3324
416,2.321844,19.219053,51.024326,0x3306
417,2.325520,19.273037,50.904363,0x32E7
418,2.329196,19.327153,50.784105,0x32C8
419,2.332873,19.381401,50.663553,0x32A9
420,2.336549,19.435783,50.542704,0x328A
421,2.340225,19.490299,50.421558,0x326B
422,2.343901,19.544949,50.300114,0x324C
423,2.347578,19.599733,50.178370,0x322D
424,2.351254,19.654653,50.056326,0x320E
425,2.354930,19.709709,49.943710,0x31F1
426,2.358606,19.764901,49.839136,0x31D6
427,2.362283,19.820229,49.734303,0x31BB
428,2.365959,19.875695,49.629209,0x31A1
429,2.369635,19.931299,49.523855,0x3186
430,2.373311,19.987040,49.418239,0x316B
431,2.376988,20.042921,49.312360,0x314F
432,2.380664,20.098941,49.206217,0x3134
433,2.384340,20.155101,49.099809,0x3119
434,2.388016,20.211401,48.993136,0x30FE
435,2.391693,20.267842,48.886195,0x30E2
436,2.395369,20.324424,48.778986,0x30C7
437,2.399045,20.381148,48.671508,0x30AB
438,2.402721,20.438015,48.563761,0x3090
439,2.406398,20.495025,48.455742,0x3074
440,2.410074,20.552178,48.347452,0x3058
441,2.413750,20.609476,48.238888,0x303D
442,2.417426,20.666918,48.132877,0x3022
443,2.421103,20.724505,48.028172,0x3007
444,2.424779,20.782238,47.923203,0x2FEC
445,2.428455,20.840118,47.817968,0x2FD1
446,2.432131,20.898144,47.712466,0x2FB6
447,2.435808,20.956317,47.606696,0x2F9B
448,2.439484,21.014639,47.500657,0x2F80
449,2.443160,21.073109,47.394347,0x2F64
450,2.446836,21.131728,47.287767,0x2F49
451,2.450513,21.190497,47.180914,0x2F2E
452,2.454189,21.249416,47.073789,0x2F12
453,2.457865,21.308486,46.966389,0x2EF7
454,2.461541,21.367708,46.858714,0x2EDB
455,2.465218,21.427081,46.750762,0x2EC0
456,2.468894,21.486607,46.642533,0x2EA4
457,2.472570,21.546286,46.534025,0x2E88
458,2.476246,21.606119,46.425238,0x2E6C
459,2.479923,21.666106,46.320961,0x2E52
460,2.483599,21.726248,46.217860,0x2E37
461,2.487275,21.786546,46.114493,0x2E1D
462,2.490952,21.847000,46.010857,0x2E02
463,2.494628,21.907611,45.906953,0x2DE8
464,2.498304,21.968379,45.802780,0x2DCD
465,2.501980,22.029305,45.698335,0x2DB2
466,2.505657,22.090389,45.593618,0x2D97
467,2.509333,22.151633,45.488629,0x2D7D
468,2.513009,22.213037,45.383365,0x2D62
469,2.516685,22.274601,45.277827,0x2D47
470,2.520362,22.336326,45.172012,0x2D2C
471,2.524038,22.398213,45.065920,0x2D10
472,2.527714,22.460263,44.959550,0x2CF5
473,2.531390,22.522475,44.852900,0x2CDA
474,2.535067,22.584851,44.745969,0x2CBE
475,2.538743,22.647392,44.638757,0x2CA3
476,2.542419,22.710097,44.534387,0x2C88
477,2.546095,22.772968,44.431507,0x2C6E
478,2.549772,22.836005,44.328355,0x2C54
479,2.553448,22.899209,44.224930,0x2C39
480,2.557124,22.962581,44.121231,0x2C1F
481,2.560800,23.026121,44.017256,0x2C04
482,2.564477,23.089830,43.913005,0x2BE9
483,2.568153,23.153709,43.808477,0x2BCE
484,2.571829,23.217757,43.703670,0x2BB4
485,2.575505,23.281977,43.598583,0x2B99
486,2.579182,23.346369,43.493215,0x2B7E
487,2.582858,23.410932,43.387565,0x2B63
488,2.586534,23.475669,43.281632,0x2B48
489,2.590210,23.540580,43.175415,0x2B2C
490,2.593887,23.605665,43.068912,0x2B11
491,2.597563,23.670925,42.962123,0x2AF6
492,2.601239,23.736361,42.855046,0x2ADA
493,2.604915,23.801973,42.750811,0x2AC0
494,2.608592,23.867763,42.649596,0x2AA6
495,2.612268,23.933731,42.548107,0x2A8C
496,2.615944,23.999877,42.446343,0x2A72
497,2.619620,24.066203,42.344303,0x2A58
498,2.623297,24.132709,42.241986,0x2A3D
499,2.626973,24.199396,42.139391,0x2A23
500,2.630649,24.266264,42.036516,0x2A09
501,2.634325,24.333315,41.933361,0x29EE
502,2.638002,24.400550,41.829924,0x29D4
503,2.641678,24.467968,41.726204,0x29B9
504,2.645354,24.535570,41.622200,0x299F
505,2.649030,24.603358,41.517910,0x2984
506,2.652707,24.671332,41.413335,0x2969
507,2.656383,24.739494,41.308471,0x294E
508,2.660059,24.807842,41.203319,0x2934
509,2.663735,24.876380,41.097877,0x2919
510,2.667412,24.945106,40.992466,0x28FE
511,2.671088,25.014023,40.890786,0x28E4
512,2.674764,25.083130,40.788824,0x28C9
513,2.678440,25.152429,40.686580,0x28AF
514,2.682117,25.221921,40.584051,0x2895
515,2.685793,25.291606,40.481238,0x287B
516,2.689469,25.361484,40.378138,0x2860
517,2.693145,25.431558,40.274751,0x2846
518,2.696822,25.501827,40.171075,0x282B
519,2.700498,25.572293,40.067109,0x2811
520,2.704174,25.642956,39.962852,0x27F6
521,2.707850,25.713817,39.858302,0x27DB
522,2.711527,25.784877,39.753459,0x27C0
523,2.715203,25.856137,39.648322,0x27A5
524,2.718879,25.927598,39.542888,0x278A
525,2.722555,25.999260,39.437157,0x276F
526,2.726232,26.071125,39.331127,0x2754
527,2.729908,26.143193,39.224798,0x2739
528,2.733584,26.215464,39.122608,0x271F
529,2.737260,26.287941,39.021478,0x2705
530,2.740937,26.360624,38.920060,0x26EB
531,2.744613,26.433513,38.818354,0x26D1
532,2.748289,26.506610,38.716358,0x26B7
533,2.751965,26.579915,38.614072,0x269D
534,2.755642,26.653430,38.511493,0x2682
535,2.759318,26.727155,38.408621,0x2668
536,2.762994,26.801091,38.305454,0x264E
537,2.766670,26.875239,38.201992,0x2633
538,2.770347,26.949600,38.098232,0x2619
539,2.774023,27.024175,37.994174,0x25FE
540,2.777699,27.098965,37.889816,0x25E3
541,2.781375,27.173971,37.785157,0x25C9
542,2.785052,27.249193,37.680195,0x25AE
543,2.788728,27.324633,37.574930,0x2593
544,2.792404,27.400292,37.469360,0x2578
545,2.796080,27.476170,37.365616,0x255D
546,2.799757,27.552269,37.265632,0x2544
547,2.803433,27.628589,37.165358,0x252A
548,2.807109,27.705131,37.064791,0x2510
549,2.810785,27.781897,36.963931,0x24F6
550,2.814462,27.858888,36.862775,0x24DC
551,2.818138,27.936103,36.761324,0x24C2
552,2.821814,28.013545,36.659576,0x24A8
553,2.825491,28.091215,36.557528,0x248E
554,2.829167,28.169112,36.455181,0x2474
555,2.832843,28.247239,36.352532,0x245A
556,2.836519,28.325597,36.249581,0x243F
557,2.840196,28.404185,36.146326,0x2425
558,2.843872,28.483007,36.042765,0x240A
559,2.847548,28.562061,35.938897,0x23F0
560,2.851224,28.641351,35.834722,0x23D5
561,2.854901,28.720875,35.730237,0x23BA
562,2.858577,28.800637,35.625441,0x23A0
563,2.862253,28.880635,35.523676,0x2386
564,2.865929,28.960873,35.422677,0x236C
565,2.869606,29.041350,35.321377,0x2352
566,2.873282,29.122069,35.219774,0x2338
567,2.876958,29.203029,35.117866,0x231E
568,2.880634,29.284232,35.015652,0x2304
569,2.884311,29.365680,34.913131,0x22E9
570,2.887987,29.447372,34.810301,0x22CF
571,2.891663,29.529311,34.707161,0x22B5
572,2.895339,29.611497,34.603710,0x229A
573,2.899016,29.693932,34.499945,0x227F
574,2.902692,29.776617,34.395867,0x2265
575,2.906368,29.859552,34.291472,0x224A
576,2.910044,29.942740,34.186761,0x222F
577,2.913721,30.026180,34.081731,0x2214
578,2.917397,30.109875,33.976381,0x21F9
579,2.921073,30.193826,33.870709,0x21DE
580,2.924749,30.278033,33.766803,0x21C4
581,2.928426,30.362497,33.666779,0x21AA
582,2.932102,30.447221,33.566449,0x2191
583,2.935778,30.532205,33.465810,0x2177
584,2.939454,30.617450,33.364861,0x215D
585,2.943131,30.702958,33.263602,0x2143
586,2.946807,30.788730,33.162030,0x2129
587,2.950483,30.874767,33.060145,0x210F
588,2.954159,30.961070,32.957944,0x20F5
589,2.957836,31.047640,32.855426,0x20DA
590,2.961512,31.134479,32.752590,0x20C0
591,2.965188,31.221589,32.649435,0x20A6
592,2.968864,31.308969,32.545958,0x208B
593,2.972541,31.396622,32.442158,0x2071
594,2.976217,31.484549,32.338034,0x2056
595,2.979893,31.572751,32.233585,0x203B
596,2.983569,31.661229,32.128808,0x2020
597,2.987246,31.749985,32.023702,0x2006
598,2.990922,31.839020,31.920362,0x1FEB
599,2.994598,31.928335,31.817306,0x1FD1
600,2.998274,32.017932,31.713925,0x1FB6
601,3.001951,32.107812,31.610217,0x1F9C
602,3.005627,32.197976,31.506182,0x1F81
603,3.009303,32.288426,31.401816,0x1F66
604,3.012979,32.379163,31.297120,0x1F4C
605,3.016656,32.470188,31.192091,0x1F31
606,3.020332,32.561503,31.086727,0x1F16
607,3.024008,32.653109,30.981028,0x1EFB
608,3.027684,32.745008,30.874991,0x1EDF
609,3.031361,32.837200,30.768615,0x1EC4
610,3.035037,32.929688,30.661898,0x1EA9
611,3.038713,33.022473,30.554839,0x1E8E
612,3.042389,33.115556,30.447435,0x1E72
613,3.046066,33.208939,30.339686,0x1E56
614,3.049742,33.302623,30.231589,0x1E3B
615,3.053418,33.396609,30.126893,0x1E20
616,3.057094,33.490899,30.023403,0x1E05
617,3.060771,33.585495,29.919579,0x1DEB
618,3.064447,33.680398,29.815417,0x1DD0
619,3.068123,33.775609,29.710917,0x1DB5
620,3.071799,33.871131,29.606076,0x1D9B
621,3.075476,33.966964,29.500894,0x1D80
622,3.079152,34.063109,29.395368,0x1D65
623,3.082828,34.159570,29.289496,0x1D4A
624,3.086504,34.256347,29.183278,0x1D2E
625,3.090181,34.353441,29.076711,0x1D13
626,3.093857,34.450854,28.969794,0x1CF8
627,3.097533,34.548589,28.862525,0x1CDC
628,3.101209,34.646646,28.754901,0x1CC1
629,3.104886,34.745026,28.646922,0x1CA5
630,3.108562,34.843733,28.538586,0x1C89
631,3.112238,34.942766,28.429891,0x1C6E
632,3.115914,35.042129,28.324953,0x1C53
633,3.119591,35.141822,28.221226,0x1C38
634,3.123267,35.241847,28.117153,0x1C1D
635,3.126943,35.342206,28.012733,0x1C03
636,3.130619,35.442901,27.907965,0x1BE8
637,3.134296,35.543932,27.802845,0x1BCD
638,3.137972,35.645303,27.697373,0x1BB2
639,3.141648,35.747014,27.591546,0x1B97
640,3.145324,35.849068,27.485363,0x1B7C
641,3.149001,35.951465,27.378822,0x1B60
642,3.152677,36.054209,27.271922,0x1B45
643,3.156353,36.157299,27.164660,0x1B2A
644,3.160030,36.260740,27.057034,0x1B0E
645,3.163706,36.364531,26.949043,0x1AF2
646,3.167382,36.468675,26.840685,0x1AD7
647,3.171058,36.573174,26.731958,0x1ABB
648,3.174735,36.678029,26.622860,0x1A9F
649,3.178411,36.783242,26.518122,0x1A84
650,3.182087,36.888816,26.414279,0x1A6A
651,3.185763,36.994752,26.310080,0x1A4F
652,3.189440,37.101052,26.205523,0x1A34
653,3.193116,37.207717,26.100606,0x1A19
654,3.196792,37.314750,25.995328,0x19FE
655,3.200468,37.422153,25.889686,0x19E3
656,3.204145,37.529927,25.783679,0x19C8
657,3.207821,37.638074,25.677304,0x19AD
658,3.211497,37.746597,25.570561,0x1992
659,3.215173,37.855497,25.463446,0x1976
660,3.218850,37.964776,25.355958,0x195B
661,3.222526,38.074437,25.248095,0x193F
662,3.226202,38.184480,25.139855,0x1923
663,3.229878,38.294910,25.031237,0x1907
664,3.233555,38.405726,24.922237,0x18EC
665,3.237231,38.516932,24.812854,0x18D0
666,3.240907,38.628529,24.707629,0x18B5
667,3.244583,38.740519,24.602638,0x189A
668,3.248260,38.852905,24.497276,0x187F
669,3.251936,38.965689,24.391542,0x1864
670,3.255612,39.078872,24.285432,0x1849
671,3.259288,39.192458,24.178946,0x182D
672,3.262965,39.306447,24.072081,0x1812
673,3.266641,39.420843,23.964835,0x17F6
674,3.270317,39.535647,23.857206,0x17DB
675,3.273993,39.650861,23.749193,0x17BF
676,3.277670,39.766488,23.640792,0x17A4
677,3.281346,39.882531,23.532003,0x1788
678,3.285022,39.998990,23.422822,0x176C
679,3.288698,40.115869,23.313248,0x1750
680,3.292375,40.233170,23.203279,0x1734
681,3.296051,40.350894,23.092912,0x1717
682,3.299727,40.469045,22.983113,0x16FB
683,3.303403,40.587625,22.877968,0x16E0
684,3.307080,40.706636,22.772441,0x16C5
685,3.310756,40.826080,22.666530,0x16AA
686,3.314432,40.945959,22.560233,0x168F
687,3.318108,41.066277,22.453547,0x1674
688,3.321785,41.187035,22.346471,0x1658
689,3.325461,41.308237,22.239002,0x163D
690,3.329137,41.429883,22.131138,0x1621
691,3.332813,41.551978,22.022877,0x1605
692,3.336490,41.674522,21.914217,0x15EA
693,3.340166,41.797520,21.805155,0x15CE
694,3.343842,41.920973,21.695689,0x15B2
695,3.347518,42.044884,21.585817,0x1595
696,3.351195,42.169255,21.475538,0x1579
697,3.354871,42.294089,21.364847,0x155D
698,3.358547,42.419389,21.253744,0x1540
699,3.362223,42.545157,21.145195,0x1525
700,3.365900,42.671395,21.039013,0x1509
701,3.369576,42.798107,20.932433,0x14EE
702,3.373252,42.925296,20.825452,0x14D3
703,3.376928,43.052963,20.718069,0x14B7
704,3.380605,43.181111,20.610280,0x149C
705,3.384281,43.309744,20.502084,0x1480
706,3.387957,43.438864,20.393479,0x1464
707,3.391633,43.568474,20.284461,0x1448
708,3.395310,43.698576,20.175030,0x142C
709,3.398986,43.829173,20.065181,0x1410
710,3.402662,43.960269,19.954914,0x13F4
711,3.406338,44.091866,19.844225,0x13D8
712,3.410015,44.223967,19.733112,0x13BB
713,3.413691,44.356574,19.621573,0x139F
714,3.417367,44.489692,19.509605,0x1382
715,3.421043,44.623322,19.397366,0x1365
716,3.424720,44.757468,19.290995,0x134A
717,3.428396,44.892132,19.184212,0x132F
718,3.432072,45.027318,19.077016,0x1313
719,3.435748,45.163029,18.969404,0x12F8
720,3.439425,45.299268,18.861374,0x12DC
721,3.443101,45.436037,18.752922,0x12C0
722,3.446777,45.573341,18.644047,0x12A4
723,3.450453,45.711181,18.534746,0x1288
724,3.454130,45.849562,18.425017,0x126C
725,3.457806,45.988486,18.314857,0x1250
726,3.461482,46.127957,18.204263,0x1234
727,3.465158,46.267978,18.093233,0x1217
728,3.468835,46.408552,17.981765,0x11FB
729,3.472511,46.549683,17.869855,0x11DE
730,3.476187,46.691373,17.757502,0x11C1
731,3.479864,46.833626,17.644702,0x11A5
732,3.483540,46.976446,17.534894,0x1188
733,3.487216,47.119836,17.426902,0x116D
734,3.490892,47.263798,17.318478,0x1151
735,3.494569,47.408338,17.209620,0x1135
736,3.498245,47.553458,17.100325,0x1119
737,3.501921,47.699161,16.990590,0x10FD
738,3.505597,47.845451,16.880413,0x10E1
739,3.509274,47.992333,16.769791,0x10C5
740,3.512950,48.139808,16.658722,0x10A8
741,3.516626,48.287882,16.547202,0x108C
742,3.520302,48.436557,16.435229,0x106F
743,3.523979,48.585838,16.322800,0x1052
744,3.527655,48.735727,16.209913,0x1035
745,3.531331,48.886229,16.096564,0x1018
746,3.535007,49.037348,15.982751,0x0FFB
747,3.538684,49.189087,15.868470,0x0FDE
748,3.542360,49.341450,15.756453,0x0FC1
749,3.546036,49.494441,15.648034,0x0FA5
750,3.549712,49.648063,15.539168,0x0F8A
751,3.553389,49.802322,15.429851,0x0F6E
752,3.557065,49.957220,15.320080,0x0F51
753,3.560741,50.112762,15.209853,0x0F35
754,3.564417,50.268952,15.099168,0x0F19
755,3.568094,50.425794,14.988020,0x0EFC
756,3.571770,50.583291,14.876408,0x0EE0
757,3.575446,50.741448,14.764328,0x0EC3
758,3.579122,50.900270,14.651777,0x0EA6
759,3.582799,51.059760,14.538753,0x0E89
760,3.586475,51.219922,14.425252,0x0E6C
761,3.590151,51.380761,14.311271,0x0E4F
762,3.593827,51.542282,14.196808,0x0E32
763,3.597504,51.704488,14.081859,0x0E14
764,3.601180,51.867384,13.968175,0x0DF7
765,3.604856,52.030974,13.858301,0x0DDB
766,3.608532,52.195262,13.747958,0x0DBF
767,3.612209,52.360254,13.637143,0x0DA3
768,3.615885,52.525954,13.525852,0x0D86
769,3.619561,52.692366,13.414083,0x0D6A
770,3.623237,52.859495,13.301832,0x0D4D
771,3.626914,53.027345,13.189097,0x0D30
772,3.630590,53.195921,13.075874,0x0D13
773,3.634266,53.365229,12.962160,0x0CF6
774,3.637942,53.535272,12.847952,0x0CD9
775,3.641619,53.706055,12.733246,0x0CBB
776,3.645295,53.877584,12.618040,0x0C9E
777,3.648971,54.049864,12.502330,0x0C80
778,3.652647,54.222898,12.386113,0x0C62
779,3.656324,54.396693,12.269386,0x0C44
780,3.660000,54.571252,12.154681,0x0C27
781,3.663676,54.746582,12.043163,0x0C0B
782,3.667352,54.922687,11.931153,0x0BEE
783,3.671029,55.099573,11.818646,0x0BD1
784,3.674705,55.277245,11.705639,0x0BB4
785,3.678381,55.455707,11.592130,0x0B97
786,3.682057,55.634966,11.478114,0x0B7A
787,3.685734,55.815026,11.363588,0x0B5D
788,3.689410,55.995893,11.248549,0x0B3F
789,3.693086,56.177572,11.132993,0x0B22
790,3.696762,56.360070,11.016917,0x0B04
791,3.700439,56.543391,10.900317,0x0AE6
792,3.704115,56.727541,10.783190,0x0AC8
793,3.707791,56.912525,10.665532,0x0AAA
794,3.711467,57.098350,10.547339,0x0A8C
795,3.715144,57.285021,10.428609,0x0A6D
796,3.718820,57.472543,10.314758,0x0A50
797,3.722496,57.660924,10.202105,0x0A33
798,3.726172,57.850168,10.088936,0x0A16
799,3.729849,58.040282,9.975247,0x09F9
800,3.733525,58.231271,9.861034,0x09DC
801,3.737201,58.423142,9.746294,0x09BF
802,3.740877,58.615900,9.631023,0x09A1
803,3.744554,58.809553,9.515218,0x0983
804,3.748230,59.004105,9.398874,0x0966
805,3.751906,59.199564,9.281988,0x0948
806,3.755582,59.395936,9.164557,0x092A
807,3.759259,59.593227,9.046575,0x090B
808,3.762935,59.791444,8.928040,0x08ED
809,3.766611,59.990593,8.808948,0x08CF
810,3.770287,60.190680,8.689294,0x08B0
811,3.773964,60.391713,8.570911,0x0892
812,3.777640,60.593699,8.457294,0x0875
813,3.781316,60.796643,8.343138,0x0857
814,3.784992,61.000553,8.228439,0x083A
815,3.788669,61.205436,8.113192,0x081C
816,3.792345,61.411298,7.997395,0x07FF
817,3.796021,61.618147,7.881042,0x07E1
818,3.799697,61.825990,7.764131,0x07C3
819,3.803374,62.034834,7.646656,0x07A5
820,3.807050,62.244686,7.528614,0x0787
821,3.810726,62.455554,7.410001,0x0768
822,3.814403,62.667445,7.290812,0x074A
823,3.818079,62.880366,7.171044,0x072B
824,3.821755,63.094325,7.050692,0x070C
825,3.825431,63.309330,6.929752,0x06EE
826,3.829108,63.525388,6.808219,0x06CE
827,3.832784,63.742507,6.692156,0x06B1
828,3.836460,63.960695,6.575961,0x0693
829,3.840136,64.179959,6.459193,0x0675
830,3.843813,64.400309,6.341847,0x0657
831,3.847489,64.621751,6.223920,0x0639
832,3.851165,64.844294,6.105406,0x061A
833,3.854841,65.067946,5.986301,0x05FC
834,3.858518,65.292716,5.866601,0x05DD
835,3.862194,65.518612,5.746301,0x05BF
836,3.865870,65.745642,5.625398,0x05A0
837,3.869546,65.973815,5.503885,0x0580
838,3.873223,66.203140,5.381760,0x0561
839,3.876899,66.433625,5.259016,0x0542
840,3.880575,66.665280,5.135650,0x0522
841,3.884251,66.898112,5.011656,0x0502
842,3.887928,67.132131,4.894228,0x04E4
843,3.891604,67.367347,4.776946,0x04C6
844,3.895280,67.603768,4.659063,0x04A8
845,3.898956,67.841404,4.540574,0x048A
846,3.902633,68.080264,4.421475,0x046B
847,3.906309,68.320357,4.301761,0x044D
848,3.909985,68.561694,4.181427,0x042E
849,3.913661,68.804283,4.060468,0x040F
850,3.917338,69.048136,3.938880,0x03F0
851,3.921014,69.293260,3.816657,0x03D1
852,3.924690,69.539667,3.693795,0x03B1
853,3.928366,69.787367,3.570288,0x0391
854,3.932043,70.036369,3.446132,0x0372
855,3.935719,70.286685,3.321321,0x0352
856,3.939395,70.538323,3.196088,0x0332
857,3.943071,70.791296,3.077198,0x0313
858,3.946748,71.045614,2.957675,0x02F5
859,3.950424,71.301287,2.837515,0x02D6
860,3.954100,71.558326,2.716714,0x02B7
861,3.957776,71.816743,2.595265,0x0298
862,3.961453,72.076547,2.473163,0x0279
863,3.965129,72.337752,2.350404,0x0259
864,3.968805,72.600367,2.226982,0x023A
865,3.972481,72.864405,2.102891,0x021A
866,3.976158,73.129876,1.978126,0x01FA
867,3.979834,73.396794,1.852682,0x01DA
868,3.983510,73.665168,1.726553,0x01B9
869,3.987186,73.935012,1.599733,0x0199
870,3.990863,74.206338,1.472217,0x0178
871,3.994539,74.479158,1.347430,0x0158
872,3.998215,74.753484,1.226404,0x0139
873,4.001891,75.029328,1.104708,0x011A
874,4.005568,75.306704,0.982337,0x00FB
875,4.009244,75.585624,0.859284,0x00DB
876,4.012920,75.866101,0.735544,0x00BC
877,4.016596,76.148148,0.611111,0x009C
878,4.020273,76.431778,0.485980,0x007C
879,4.023949,76.717005,0.360145,0x005C
880,4.027625,77.003843,0.233599,0x003B
881,4.031301,77.292304,0.106336,0x001B
882,4.034978,77.582403,-0.021648,0xFFFB
883,4.038654,77.874154,-0.150362,0xFFDA
884,4.042330,78.167571,-0.279811,0xFFB9
885,4.046006,78.462667,-0.409380,0xFF98
886,4.049683,78.759459,-0.532190,0xFF78
887,4.053359,79.057960,-0.655707,0xFF59
888,4.057035,79.358185,-0.779938,0xFF39
889,4.060711,79.660149,-0.904889,0xFF19
890,4.064388,79.963867,-1.030566,0xFEF9
891,4.068064,80.269355,-1.156974,0xFED8
892,4.071740,80.576628,-1.284122,0xFEB8
893,4.075416,80.885701,-1.412014,0xFE97
894,4.079093,81.196592,-1.540659,0xFE76
895,4.082769,81.509315,-1.670061,0xFE55
896,4.086445,81.823887,-1.800229,0xFE34
897,4.090121,82.140324,-1.931169,0xFE12
898,4.093798,82.458644,-2.062887,0xFDF0
899,4.097474,82.778862,-2.195391,0xFDCE
900,4.101150,83.100996,-2.320645,0xFDAE
901,4.104826,83.425064,-2.446361,0xFD8E
902,4.108503,83.751082,-2.572834,0xFD6E
903,4.112179,84.079069,-2.700070,0xFD4D
904,4.115855,84.409041,-2.828076,0xFD2D
905,4.119531,84.741018,-2.956861,0xFD0C
906,4.123208,85.075018,-3.086429,0xFCEA
907,4.126884,85.411058,-3.216790,0xFCC9
908,4.130560,85.749159,-3.347950,0xFCA7
909,4.134237,86.089339,-3.479916,0xFC86
910,4.137913,86.431616,-3.612696,0xFC64
911,4.141589,86.776012,-3.746298,0xFC41
912,4.145265,87.122544,-3.880728,0xFC1F
913,4.148942,87.471234,-4.014639,0xFBFD
914,4.152618,87.822102,-4.139208,0xFBDD
915,4.156294,88.175167,-4.264556,0xFBBD
916,4.159970,88.530451,-4.390693,0xFB9C
917,4.163647,88.887975,-4.517624,0xFB7C
918,4.167323,89.247759,-4.645358,0xFB5B
919,4.170999,89.609826,-4.773903,0xFB3A
920,4.174675,89.974198,-4.903265,0xFB19
921,4.178352,90.340895,-5.033454,0xFAF8
922,4.182028,90.709941,-5.164476,0xFAD6
923,4.185704,91.081358,-5.296340,0xFAB5
924,4.189380,91.455170,-5.429054,0xFA93
925,4.193057,91.831399,-5.562627,0xFA70
926,4.196733,92.210069,-5.697066,0xFA4E
927,4.200409,92.591203,-5.830401,0xFA2C
928,4.204085,92.974827,-5.958276,0xFA0B
929,4.207762,93.360964,-6.086988,0xF9EA
930,4.211438,93.749639,-6.216546,0xF9C9
931,4.215114,94.140877,-6.346959,0xF9A8
932,4.218790,94.534704,-6.478235,0xF986
933,4.222467,94.931146,-6.610382,0xF964
934,4.226143,95.330228,-6.743409,0xF942
935,4.229819,95.731977,-6.877326,0xF920
936,4.233495,96.136420,-7.012140,0xF8FD
937,4.237172,96.543584,-7.147861,0xF8DB
938,4.240848,96.953497,-7.284499,0xF8B8
939,4.244524,97.366186,-7.422062,0xF894
940,4.248200,97.781680,-7.560560,0xF871
941,4.251877,98.200008,-7.693106,0xF84F
942,4.255553,98.621198,-7.823820,0xF82E
943,4.259229,99.045280,-7.955432,0xF80C
944,4.262905,99.472285,-8.087950,0xF7EA
945,4.266582,99.902242,-8.221385,0xF7C8
946,4.270258,100.335181,-8.355746,0xF7A5
947,4.273934,100.771136,-8.491042,0xF783
948,4.277610,101.210135,-8.627283,0xF760
949,4.281287,101.652213,-8.764480,0xF73D
950,4.284963,102.097401,-8.902642,0xF719
951,4.288639,102.545732,-9.041779,0xF6F6
952,4.292315,102.997240,-9.181902,0xF6D2
953,4.295992,103.451958,-9.323022,0xF6AE
954,4.299668,103.909922,-9.459978,0xF68B
955,4.303344,104.371165,-9.591761,0xF669
956,4.307020,104.835723,-9.724492,0xF647
957,4.310697,105.303632,-9.858180,0xF625
958,4.314373,105.774928,-9.992837,0xF602
959,4.318049,106.249649,-10.128471,0xF5E0
960,4.321725,106.727831,-10.265095,0xF5BD
961,4.325402,107.209514,-10.402718,0xF599
962,4.329078,107.694734,-10.541353,0xF576
963,4.332754,108.183532,-10.681009,0xF552
964,4.336430,108.675947,-10.821699,0xF52E
965,4.340107,109.172020,-10.963434,0xF50A
966,4.343783,109.671791,-11.106226,0xF4E5
967,4.347459,110.175302,-11.247810,0xF4C1
968,4.351135,110.682594,-11.386162,0xF49E
969,4.354812,111.193712,-11.525558,0xF47A
970,4.358488,111.708698,-11.666008,0xF456
971,4.362164,112.227596,-11.807526,0xF432
972,4.365840,112.750451,-11.950123,0xF40D
973,4.369517,113.277308,-12.093811,0xF3E8
974,4.373193,113.808215,-12.238604,0xF3C3
975,4.376869,114.343216,-12.384513,0xF39E
976,4.380545,114.882361,-12.531553,0xF378
977,4.384222,115.425697,-12.679735,0xF352
978,4.387898,115.973273,-12.829074,0xF32C
979,4.391574,116.525139,-12.979583,0xF306
980,4.395250,117.081347,-13.122032,0xF2E1
981,4.398927,117.641946,-13.264155,0xF2BD
982,4.402603,118.206990,-13.407406,0xF298
983,4.406279,118.776532,-13.551797,0xF273
984,4.409955,119.350625,-13.697342,0xF24E
985,4.413632,119.929325,-13.844054,0xF228
986,4.417308,120.512686,-13.991949,0xF203
987,4.420984,121.100766,-14.141039,0xF1DC
988,4.424660,121.693621,-14.291341,0xF1B6
989,4.428337,122.291311,-14.442868,0xF18F
990,4.432013,122.893895,-14.595635,0xF168
991,4.435689,123.501433,-14.749659,0xF141
992,4.439365,124.113987,-14.898049,0xF11B
993,4.443042,124.731618,-15.044331,0xF0F5
994,4.446718,125.354390,-15.191829,0xF0CF
995,4.450394,125.982368,-15.340561,0xF0A9
996,4.454070,126.615617,-15.490541,0xF083
997,4.457747,127.254205,-15.641785,0xF05C
998,4.461423,127.898197,-15.794310,0xF035
999,4.465099,128.547665,-15.948131,0xF00E
1000,4.468776,129.202677,-16.103266,0xEFE6
1001,4.472452,129.863305,-16.259730,0xEFBE
1002,4.476128,130.529621,-16.417542,0xEF96
1003,4.479804,131.201700,-16.576718,0xEF6D
1004,4.483481,131.879616,-16.728804,0xEF46
1005,4.487157,132.563446,-16.880766,0xEF1F
1006,4.490833,133.253268,-17.034060,0xEEF8
1007,4.494509,133.949160,-17.188702,0xEED0
1008,4.498186,134.651203,-17.344712,0xEEA8
1009,4.501862,135.359479,-17.502107,0xEE80
1010,4.505538,136.074072,-17.660905,0xEE57
1011,4.509214,136.795066,-17.821126,0xEE2E
1012,4.512891,137.522547,-17.982788,0xEE05
1013,4.516567,138.256604,-18.145912,0xEDDB
1014,4.520243,138.997326,-18.310517,0xEDB1
1015,4.523919,139.744805,-18.471339,0xED88
1016,4.527596,140.499133,-18.627407,0xED60
1017,4.531272,141.260404,-18.784911,0xED38
1018,4.534948,142.028716,-18.943872,0xED0F
1019,4.538624,142.804165,-19.104310,0xECE6
1020,4.542301,143.586854,-19.266246,0xECBC
1021,4.545977,144.376882,-19.429700,0xEC92
1022,4.549653,145.174353,-19.594694,0xEC68
1023,4.553329,145.979374,-19.761250,0xEC3E
